group,rows_before,rows_after,top3_before,top3_after,top3_delta,top5_before,top5_after,top5_delta,top10_before,top10_after,top10_delta,rank_gt50_before,rank_gt50_after,rank_gt50_delta,mean_rank_before,mean_rank_after,mean_rank_delta,mean_target_prob_before,mean_target_prob_after,mean_target_prob_delta,mean_worst_gap_before,mean_worst_gap_after,mean_worst_gap_delta,mean_pair_hinge_margin_025_before,mean_pair_hinge_margin_025_after,mean_pair_hinge_margin_025_delta,teacher_beats_worst_before,teacher_beats_worst_after,teacher_beats_worst_delta,teacher_beats_all_before,teacher_beats_all_after,teacher_beats_all_delta
train_main_rank_11_50,7,7,0,0,0.0,0,0,0.0,1,1,0.0,0,0,0.0,21.142857142857142,19.285714285714285,-1.8571428571428577,0.0015644194042709256,0.0020594573096397134,0.0004950379053687878,-7.01457725252424,-6.973113945552281,0.04146330697195921,4.847929872785296,4.609352983747209,-0.23857688903808683,0,0,0.0,0,0,0.0
protected_eval_top10,15,15,7,7,0.0,11,11,0.0,14,15,1.0,0,0,0.0,4.733333333333333,4.266666666666667,-0.4666666666666668,0.04768692271706338,0.03486592285723115,-0.012820999859832233,-4.7287343531847,-3.9936311721801756,0.7351031810045248,1.6898643785715102,1.504078483581543,-0.18578589498996712,1,0,-1.0,1,0,-1.0
tail_eval_rank_gt50,3,3,0,0,0.0,0,0,0.0,0,0,0.0,2,3,1.0,56.0,93.33333333333333,37.33333333333333,0.00026388922560727224,0.00016793466541760912,-9.595456018966311e-05,-8.17095390955607,-7.673692067464192,0.49726184209187796,6.247869777679444,6.8060300827026365,0.5581603050231925,0,0,0.0,0,0,0.0
