epoch,epochs,loss,margin_loss,anchor_kl,ce
001,3,7.672247,7.323538,0.000000,6.974193
002,3,7.671343,7.322673,0.000000,6.973403
003,3,7.670440,7.321809,0.000000,6.972610
