group,rows_before,rows_after,top3_before,top3_after,top3_delta,top5_before,top5_after,top5_delta,top10_before,top10_after,top10_delta,rank_gt50_before,rank_gt50_after,rank_gt50_delta,mean_rank_before,mean_rank_after,mean_rank_delta,mean_target_prob_before,mean_target_prob_after,mean_target_prob_delta,mean_worst_gap_before,mean_worst_gap_after,mean_worst_gap_delta,mean_pair_hinge_margin_025_before,mean_pair_hinge_margin_025_after,mean_pair_hinge_margin_025_delta,teacher_beats_worst_before,teacher_beats_worst_after,teacher_beats_worst_delta,teacher_beats_all_before,teacher_beats_all_after,teacher_beats_all_delta
train_main_rank_11_50,4,4,0,0,0.0,0,0,0.0,2,3,1.0,0,0,0.0,13.75,9.75,-4.0,0.005292939065839164,0.010770740394946188,0.005477801329107024,-4.521595239639282,-4.017117261886597,0.5044779777526855,2.8113529682159424,2.445050096511841,-0.3663028717041015,0,0,0.0,0,0,0.0
protected_eval_top10,15,15,6,6,0.0,8,7,-1.0,11,13,2.0,0,0,0.0,7.2,6.533333333333333,-0.666666666666667,0.04138406314013991,0.02955665392704153,-0.011827409213098383,-5.561363665262858,-4.642026774088541,0.9193368911743169,2.0220069694519043,1.9009326426188151,-0.12107432683308916,1,0,-1.0,1,0,-1.0
tail_eval_rank_gt50,3,3,0,0,0.0,0,0,0.0,1,0,-1.0,0,2,2.0,29.333333333333332,54.0,24.666666666666668,0.00651859389229988,0.0006628732468622426,-0.005855720645437637,-5.247235298156738,-6.268461545308431,-1.0212262471516924,4.1145175933837885,5.406442960103353,1.291925366719564,0,0,0.0,0,0,0.0
