group,rows_before,rows_after,top3_before,top3_after,top3_delta,top5_before,top5_after,top5_delta,top10_before,top10_after,top10_delta,rank_gt50_before,rank_gt50_after,rank_gt50_delta,mean_rank_before,mean_rank_after,mean_rank_delta,mean_target_prob_before,mean_target_prob_after,mean_target_prob_delta,mean_worst_gap_before,mean_worst_gap_after,mean_worst_gap_delta,mean_pair_hinge_margin_025_before,mean_pair_hinge_margin_025_after,mean_pair_hinge_margin_025_delta,teacher_beats_worst_before,teacher_beats_worst_after,teacher_beats_worst_delta,teacher_beats_all_before,teacher_beats_all_after,teacher_beats_all_delta
train_main_rank_11_50,7,7,0,0,0.0,0,0,0.0,2,3,1.0,2,1,-1.0,33.285714285714285,26.714285714285715,-6.571428571428569,0.003052861713773122,0.0061662119691650984,0.0031133502553919766,-6.635876519339425,-6.342039789472308,0.2938367298671176,4.498151642935617,4.1811225073678155,-0.3170291355678012,0,0,0.0,0,0,0.0
protected_eval_top10,15,15,6,6,0.0,8,7,-1.0,11,13,2.0,0,0,0.0,7.2,6.533333333333333,-0.666666666666667,0.04138406314013991,0.029812058576984175,-0.011572004563155738,-5.561363665262858,-4.649881895383199,0.9114817698796589,2.0220069694519043,1.9131516631444296,-0.10885530630747464,1,0,-1.0,1,0,-1.0
tail_eval_rank_gt50,3,3,0,0,0.0,0,0,0.0,1,0,-1.0,0,2,2.0,29.333333333333332,52.333333333333336,23.000000000000004,0.00651859389229988,0.0007237284832323591,-0.005794865409067521,-5.247235298156738,-6.261521021525065,-1.0142857233683271,4.1145175933837885,5.395158131917317,1.2806405385335289,0,0,0.0,0,0,0.0
