phase,epoch,loss,ce_loss,pair_hinge_loss,worst_hinge_loss,anchor_kl,mean_gap,mean_worst_gap
initial,0,5.3285813331604,5.327861785888672,0.28410446643829346,0.5251142978668213,0.014390534721314907,0.07419836521148682,-0.26501214504241943
train,1.0,5.339943885803223,5.339629173278809,0.2825063169002533,0.5360769033432007,0.006290974095463753,0.08558214455842972,-0.2688814699649811
train,2.0,5.339654445648193,5.339339733123779,0.2823137044906616,0.535878598690033,0.006290860008448362,0.0858573392033577,-0.26864299178123474
train,3.0,5.339365005493164,5.33905029296875,0.28212112188339233,0.5356805920600891,0.006290728691965342,0.08613253384828568,-0.2684045732021332
