case_id,hard_guard_role,rank_before,rank_after,rank_delta,rank_gt50_before,rank_gt50_after,target_prob_before,target_prob_after,target_prob_delta,target_logit_before,target_logit_after,target_logit_delta,worst_gap_before,worst_gap_after,worst_gap_delta
legacy_g1_m40,hard_protected_beats_guard,3,3,0,0,0,0.17691704630851746,0.1771877110004425,0.00027066469192504883,-13.975401878356934,-13.974157333374023,0.0012445449829101562,-0.7812633514404297,-0.7786645889282227,0.0025987625122070312
legacy_g1_m8,hard_rank_le50_preservation_guard,73,73,0,1,1,0.0003218080091755837,0.00032195320818573236,1.4519901014864445e-07,-18.008968353271484,-18.008705139160156,0.000263214111328125,-7.366641044616699,-7.36605167388916,0.0005893707275390625
