case_id,hard_guard_role,target_action,target_rc,beats_mask,weight,target_prob_before,target_logit_before,target_logit_grad,optimizer_would_change_target_logit_opposite_grad,suppress_actions,suppress_rcs,suppress_logits_before,suppress_logit_grads,optimizer_would_change_suppress_logits_opposite_grad,worst_suppress_action,worst_suppress_rc,worst_gap_before,ce_per_row,kl_per_row_masked_softmax,kl_per_row_from_log,worst_hinge_per_row,target_gradient_direction_expected_for_ce,target_grad_sign_ok_for_increase
legacy_g1_m40,hard_protected_beats_guard,102,"6,12",1.0,1.4980545043945312,0.17691704630851746,-13.975401878356934,-4.203183174133301,2.1015915870666502e-07,"[125, 114, 146, 19, 36]","[""8,5"", ""7,9"", ""9,11"", ""1,4"", ""2,6""]","[-13.194138526916504, -13.716511726379395, -15.213418006896973, -16.506967544555664, -15.528497695922852]","[4.078237056732178, -0.028614580631256104, 0.0640278160572052, -0.0035858154296875, 0.07372189313173294]","[-2.0391185283660888e-07, 1.430729031562805e-09, -3.20139080286026e-09, 1.79290771484375e-10, -3.6860946565866468e-09]",125,"8,5",-0.7812633514404297,1.73207426071167,0.027214325964450836,0.027214350178837776,0.7812633514404297,negative_grad_means_optimizer_increases_target_logit,True
legacy_g1_m8,hard_rank_le50_preservation_guard,83,"5,8",0.0,3.0,0.0003218080091755837,-18.008968353271484,-0.6660066843032837,3.3300334215164184e-08,"[96, 114, 128, 116, 70]","[""6,6"", ""7,9"", ""8,8"", ""7,11"", ""4,10""]","[-10.642327308654785, -12.913049697875977, -12.701900482177734, -12.381325721740723, -12.6073637008667]","[0.4346747398376465, -0.16848570108413696, 0.028363347053527832, 0.24489125609397888, 0.16423144936561584]","[-2.1733736991882324e-08, 8.424285054206848e-09, -1.4181673526763915e-09, -1.2244562804698943e-08, -8.211572468280792e-09]",96,"6,6",-7.366641044616699,8.041555404663086,0.04472848400473595,0.04472848400473595,7.366641044616699,negative_grad_means_optimizer_increases_target_logit,True
