group,rows_before,rows_after,top3_before,top3_after,top3_delta,top5_before,top5_after,top5_delta,top10_before,top10_after,top10_delta,rank_gt50_before,rank_gt50_after,rank_gt50_delta,mean_rank_before,mean_rank_after,mean_rank_delta,mean_target_prob_before,mean_target_prob_after,mean_target_prob_delta,mean_worst_gap_before,mean_worst_gap_after,mean_worst_gap_delta,mean_pair_hinge_margin_025_before,mean_pair_hinge_margin_025_after,mean_pair_hinge_margin_025_delta,teacher_beats_worst_before,teacher_beats_worst_after,teacher_beats_worst_delta,teacher_beats_all_before,teacher_beats_all_after,teacher_beats_all_delta
train_main_rank_11_50,7,7,0,0,0.0,0,0,0.0,1,1,0.0,0,0,0.0,21.142857142857142,19.0,-2.1428571428571423,0.0015644194042709256,0.002043048785708379,0.0004786293814374534,-7.01457725252424,-7.098088945661273,-0.08351169313703277,4.847929872785296,4.612434891292026,-0.23549498149326986,0,0,0.0,0,0,0.0
protected_eval_top10,15,15,7,7,0.0,11,11,0.0,14,15,1.0,0,0,0.0,4.733333333333333,4.333333333333333,-0.40000000000000036,0.04768692271706338,0.034871544758789244,-0.012815377958274136,-4.7287343531847,-4.053726863861084,0.6750074893236162,1.6898643785715102,1.5275494066874187,-0.1623149718840915,1,0,-1.0,1,0,-1.0
tail_eval_rank_gt50,3,3,0,0,0.0,0,0,0.0,0,0,0.0,2,3,1.0,56.0,92.33333333333333,36.33333333333333,0.00026388922560727224,0.00015628735854988918,-0.00010760186705738306,-8.17095390955607,-7.816421190897624,0.3545327186584464,6.247869777679444,6.8615537643432605,0.6136839866638164,0,0,0.0,0,0,0.0
