group,rows_before,rows_after,top3_before,top3_after,top3_delta,top5_before,top5_after,top5_delta,top10_before,top10_after,top10_delta,rank_gt50_before,rank_gt50_after,rank_gt50_delta,mean_rank_before,mean_rank_after,mean_rank_delta,mean_target_prob_before,mean_target_prob_after,mean_target_prob_delta,mean_worst_gap_before,mean_worst_gap_after,mean_worst_gap_delta,mean_pair_hinge_margin_025_before,mean_pair_hinge_margin_025_after,mean_pair_hinge_margin_025_delta,teacher_beats_worst_before,teacher_beats_worst_after,teacher_beats_worst_delta,teacher_beats_all_before,teacher_beats_all_after,teacher_beats_all_delta
train_main_rank_11_50,3,3,0,0,0.0,0,0,0.0,2,3,1.0,0,0,0.0,13.333333333333334,8.0,-5.333333333333334,0.005401894197954486,0.013781145059814056,0.008379250861859571,-4.740461667378743,-3.591024080912272,1.1494375864664712,2.8381547927856445,1.9351771036783854,-0.9029776891072592,0,0,0.0,0,0,0.0
protected_eval_top10,15,15,6,6,0.0,8,8,0.0,11,13,2.0,0,0,0.0,7.2,6.466666666666667,-0.7333333333333334,0.04138406314013991,0.029420470554517426,-0.011963592585622487,-5.561363665262858,-4.628317832946777,0.9330458323160808,2.0220069694519043,1.894842319488525,-0.12716464996337917,1,0,-1.0,1,0,-1.0
tail_eval_rank_gt50,3,3,0,0,0.0,0,0,0.0,1,0,-1.0,0,2,2.0,29.333333333333332,55.0,25.666666666666668,0.00651859389229988,0.000645867747759136,-0.005872726144540744,-5.247235298156738,-6.277131716410319,-1.029896418253581,4.1145175933837885,5.418201764424642,1.303684171040853,0,0,0.0,0,0,0.0
