group,rows_before,rows_after,top3_before,top3_after,top3_delta,top5_before,top5_after,top5_delta,top10_before,top10_after,top10_delta,rank_gt50_before,rank_gt50_after,rank_gt50_delta,mean_rank_before,mean_rank_after,mean_rank_delta,mean_target_prob_before,mean_target_prob_after,mean_target_prob_delta,mean_worst_gap_before,mean_worst_gap_after,mean_worst_gap_delta,mean_pair_hinge_margin_025_before,mean_pair_hinge_margin_025_after,mean_pair_hinge_margin_025_delta,teacher_beats_worst_before,teacher_beats_worst_after,teacher_beats_worst_delta,teacher_beats_all_before,teacher_beats_all_after,teacher_beats_all_delta
train_main_rank_11_50,3,3,0,0,0.0,0,0,0.0,1,2,1.0,0,0,0.0,16.0,10.666666666666666,-5.333333333333334,0.004668374138418585,0.012350152169043819,0.0076817780306252335,-4.779345512390137,-4.0473833084106445,0.7319622039794922,2.82281322479248,2.294604810078939,-0.5282084147135411,0,0,0.0,0,0,0.0
protected_eval_top10,15,15,6,6,0.0,8,8,0.0,11,13,2.0,0,0,0.0,7.2,6.466666666666667,-0.7333333333333334,0.04138406314013991,0.029479479335714133,-0.01190458380442578,-5.561363665262858,-4.631863204638163,0.9295004606246948,2.0220069694519043,1.8966470956802368,-0.12535987377166746,1,0,-1.0,1,0,-1.0
tail_eval_rank_gt50,3,3,0,0,0.0,0,0,0.0,1,0,-1.0,0,2,2.0,29.333333333333332,55.0,25.666666666666668,0.00651859389229988,0.0006351651730559146,-0.005883428719243966,-5.247235298156738,-6.279503186543782,-1.032267888387044,4.1145175933837885,5.418708165486653,1.3041905721028648,0,0,0.0,0,0,0.0
