group,rows_before,rows_after,top3_before,top3_after,top3_delta,top5_before,top5_after,top5_delta,top10_before,top10_after,top10_delta,rank_gt50_before,rank_gt50_after,rank_gt50_delta,mean_rank_before,mean_rank_after,mean_rank_delta,mean_target_prob_before,mean_target_prob_after,mean_target_prob_delta,mean_worst_gap_before,mean_worst_gap_after,mean_worst_gap_delta,mean_pair_hinge_margin_025_before,mean_pair_hinge_margin_025_after,mean_pair_hinge_margin_025_delta,teacher_beats_worst_before,teacher_beats_worst_after,teacher_beats_worst_delta,teacher_beats_all_before,teacher_beats_all_after,teacher_beats_all_delta
train_main_rank_11_50,3,3,0,0,0.0,0,0,0.0,1,2,1.0,0,0,0.0,15.0,11.0,-4.0,0.004338304259969543,0.0067303414301325875,0.0023920371701630447,-4.674216906229655,-4.409944852193196,0.2642720540364589,3.0956698735555013,2.8985088348388666,-0.1971610387166347,0,0,0.0,0,0,0.0
protected_eval_top10,15,15,6,6,0.0,8,8,0.0,11,13,2.0,0,0,0.0,7.2,6.466666666666667,-0.7333333333333334,0.04138406314013991,0.029542032048144998,-0.011842031091994915,-5.561363665262858,-4.628781183560689,0.9325824817021688,2.0220069694519043,1.8915594085057577,-0.13044756094614662,1,0,-1.0,1,0,-1.0
tail_eval_rank_gt50,3,3,0,0,0.0,0,0,0.0,1,0,-1.0,0,2,2.0,29.333333333333332,55.333333333333336,26.000000000000004,0.00651859389229988,0.0006319438301337262,-0.005886650062166154,-5.247235298156738,-6.28664493560791,-1.0394096374511719,4.1145175933837885,5.419616063435872,1.3050984700520836,0,0,0.0,0,0,0.0
