group,rows_before,rows_after,top3_before,top3_after,top3_delta,top5_before,top5_after,top5_delta,top10_before,top10_after,top10_delta,rank_gt50_before,rank_gt50_after,rank_gt50_delta,mean_rank_before,mean_rank_after,mean_rank_delta,mean_target_prob_before,mean_target_prob_after,mean_target_prob_delta,mean_worst_gap_before,mean_worst_gap_after,mean_worst_gap_delta,mean_pair_hinge_margin_025_before,mean_pair_hinge_margin_025_after,mean_pair_hinge_margin_025_delta,teacher_beats_worst_before,teacher_beats_worst_after,teacher_beats_worst_delta,teacher_beats_all_before,teacher_beats_all_after,teacher_beats_all_delta
train_main_rank_11_50,3,3,0,0,0.0,0,0,0.0,2,2,0.0,0,0,0.0,10.666666666666666,11.666666666666666,1.0,0.006763183667014043,0.010498870474596819,0.003735686807582776,-3.8923568725585938,-4.026132583618164,-0.1337757110595703,2.488773981730143,2.687416648864746,0.1986426671346031,0,0,0.0,0,0,0.0
protected_eval_top10,15,15,6,6,0.0,8,8,0.0,11,13,2.0,0,0,0.0,7.2,6.466666666666667,-0.7333333333333334,0.04138406314013991,0.0295144849291925,-0.011869578210947411,-5.561363665262858,-4.626433809598287,0.9349298556645715,2.0220069694519043,1.8915069754918419,-0.1304999939600624,1,0,-1.0,1,0,-1.0
tail_eval_rank_gt50,3,3,0,0,0.0,0,0,0.0,1,0,-1.0,0,2,2.0,29.333333333333332,55.0,25.666666666666668,0.00651859389229988,0.000645533543623363,-0.005873060348676518,-5.247235298156738,-6.2798004150390625,-1.0325651168823242,4.1145175933837885,5.413737360636393,1.2992197672526045,0,0,0.0,0,0,0.0
