case_id,hard_guard_role,compare,rank_eval,rank_mode,rank_delta,rank_gt50_eval,rank_gt50_mode,target_prob_eval,target_prob_mode,target_prob_delta,target_logit_eval,target_logit_mode,target_logit_delta,worst_gap_eval,worst_gap_mode,worst_gap_delta
legacy_g1_m40,hard_protected_beats_guard,train_minus_eval,3,3,0,0,0,0.15029124915599823,0.17691704630851746,0.026625797152519226,-13.34701919555664,-13.975401878356934,-0.628382682800293,-0.9922170639038086,-0.7812633514404297,0.2109537124633789
legacy_g1_m8,hard_rank_le50_preservation_guard,train_minus_eval,102,73,-29,1,1,0.00018429456395097077,0.0003218080091755837,0.00013751344522461295,-18.394062042236328,-18.008968353271484,0.38509368896484375,-7.888444900512695,-7.366641044616699,0.5218038558959961
legacy_g1_m40,hard_protected_beats_guard,policy_head_training_mode_minus_eval,3,3,0,0,0,0.15029124915599823,0.15029124915599823,0.0,-13.34701919555664,-13.34701919555664,0.0,-0.9922170639038086,-0.9922170639038086,0.0
legacy_g1_m8,hard_rank_le50_preservation_guard,policy_head_training_mode_minus_eval,102,102,0,1,1,0.00018429456395097077,0.00018429456395097077,0.0,-18.394062042236328,-18.394062042236328,0.0,-7.888444900512695,-7.888444900512695,0.0
