phase,epoch,loss,ce_loss,public_kl,protected_kl,tail_kl
initial,0,5.3436360359191895,5.3327789306640625,0.005262529011815786,0.01588781364262104,0.012125452049076557
train,1.0,5.343983173370361,5.342443943023682,0.0018555264687165618,0.00165456288959831,0.0016845630016177893
