group,rows_before,rows_after,top3_before,top3_after,top3_delta,top5_before,top5_after,top5_delta,top10_before,top10_after,top10_delta,rank_gt50_before,rank_gt50_after,rank_gt50_delta,mean_rank_before,mean_rank_after,mean_rank_delta,mean_target_prob_before,mean_target_prob_after,mean_target_prob_delta,mean_worst_gap_before,mean_worst_gap_after,mean_worst_gap_delta,mean_pair_hinge_margin_025_before,mean_pair_hinge_margin_025_after,mean_pair_hinge_margin_025_delta,teacher_beats_worst_before,teacher_beats_worst_after,teacher_beats_worst_delta,teacher_beats_all_before,teacher_beats_all_after,teacher_beats_all_delta
train_main_rank_11_50,7,7,0,0,0.0,0,0,0.0,2,3,1.0,2,1,-1.0,33.285714285714285,26.571428571428573,-6.714285714285712,0.003052861713773122,0.0061768209093965454,0.0031239591956234236,-6.635876519339425,-6.34011037009103,0.2957661492483954,4.498151642935617,4.179542977469308,-0.31860866546630895,0,0,0.0,0,0,0.0
protected_eval_top10,15,15,6,6,0.0,8,7,-1.0,11,13,2.0,0,0,0.0,7.2,6.533333333333333,-0.666666666666667,0.04138406314013991,0.029807483806992725,-0.011576579333147187,-5.561363665262858,-4.649575527509054,0.9117881377538044,2.0220069694519043,1.9131891012191773,-0.10881786823272699,1,0,-1.0,1,0,-1.0
tail_eval_rank_gt50,3,3,0,0,0.0,0,0,0.0,1,0,-1.0,0,2,2.0,29.333333333333332,52.666666666666664,23.333333333333332,0.00651859389229988,0.0007233536841037372,-0.005795240208196143,-5.247235298156738,-6.261778513590495,-1.0145432154337568,4.1145175933837885,5.395432726542155,1.2809151331583664,0,0,0.0,0,0,0.0
