variant,ce_weight,pair_weight,worst_weight,anchor_kl_weight,verdict,group,top5_delta,top10_delta,rank_gt50_delta,mean_rank_delta,mean_target_prob_delta,mean_worst_gap_delta,hinge_delta,teacher_beats_worst_delta,teacher_beats_all_delta
A1_stronger_anchor_balanced_hinge,1.0,0.6,0.6,1.0,FAIL_B4C96_SAFE_NO_SAVE_PROBE,train_main_rank_11_50,0.0,1.0,-1.0,-6.714285714285712,0.0031239591956234236,0.2957661492483954,-0.31860866546630895,0.0,0.0
A1_stronger_anchor_balanced_hinge,1.0,0.6,0.6,1.0,FAIL_B4C96_SAFE_NO_SAVE_PROBE,protected_eval_top10,-1.0,2.0,0.0,-0.666666666666667,-0.011576579333147187,0.9117881377538044,-0.10881786823272699,-1.0,-1.0
A1_stronger_anchor_balanced_hinge,1.0,0.6,0.6,1.0,FAIL_B4C96_SAFE_NO_SAVE_PROBE,tail_eval_rank_gt50,0.0,-1.0,2.0,23.333333333333332,-0.005795240208196143,-1.0145432154337568,1.2809151331583664,0.0,0.0
A2_light_worst_suppress,1.0,0.6,0.2,0.8,FAIL_B4C96_SAFE_NO_SAVE_PROBE,train_main_rank_11_50,0.0,1.0,-1.0,-6.714285714285712,0.0031240159956463943,0.2957584517342706,-0.3186142104012628,0.0,0.0
A2_light_worst_suppress,1.0,0.6,0.2,0.8,FAIL_B4C96_SAFE_NO_SAVE_PROBE,protected_eval_top10,-1.0,2.0,0.0,-0.666666666666667,-0.011576863329779974,0.9117905537287392,-0.10883367379506459,-1.0,-1.0
A2_light_worst_suppress,1.0,0.6,0.2,0.8,FAIL_B4C96_SAFE_NO_SAVE_PROBE,tail_eval_rank_gt50,0.0,-1.0,2.0,23.333333333333332,-0.005795220587363777,-1.0145304997762041,1.2808657328287758,0.0,0.0
A3_ce_dominant_rank_repair,1.5,0.3,0.1,0.8,FAIL_B4C96_SAFE_NO_SAVE_PROBE,train_main_rank_11_50,0.0,1.0,-1.0,-6.714285714285712,0.0031240923812479848,0.29575899669102235,-0.31861257553100586,0.0,0.0
A3_ce_dominant_rank_repair,1.5,0.3,0.1,0.8,FAIL_B4C96_SAFE_NO_SAVE_PROBE,protected_eval_top10,-1.0,2.0,0.0,-0.666666666666667,-0.011578216784012812,0.9117392619450886,-0.10886643886566194,-1.0,-1.0
A3_ce_dominant_rank_repair,1.5,0.3,0.1,0.8,FAIL_B4C96_SAFE_NO_SAVE_PROBE,tail_eval_rank_gt50,0.0,-1.0,2.0,23.333333333333332,-0.005795165767873792,-1.0145279566446943,1.2808056513468422,0.0,0.0
