group,rows_before,rows_after,top3_before,top3_after,top3_delta,top5_before,top5_after,top5_delta,top10_before,top10_after,top10_delta,rank_gt50_before,rank_gt50_after,rank_gt50_delta,mean_rank_before,mean_rank_after,mean_rank_delta,mean_target_prob_before,mean_target_prob_after,mean_target_prob_delta,mean_worst_gap_before,mean_worst_gap_after,mean_worst_gap_delta,mean_pair_hinge_margin_025_before,mean_pair_hinge_margin_025_after,mean_pair_hinge_margin_025_delta,teacher_beats_worst_before,teacher_beats_worst_after,teacher_beats_worst_delta,teacher_beats_all_before,teacher_beats_all_after,teacher_beats_all_delta
train_main_rank_11_50,7,7,0,0,0.0,0,0,0.0,0,0,0.0,0,0,0.0,21.714285714285715,21.714285714285715,0.0,0.001504053351319661,0.0015040538252963284,4.739766673762802e-10,-6.369660649980817,-6.369659968784878,6.811959396557654e-07,4.6678531510489325,4.66785203388759,-1.1171613421012694e-06,0,0,0.0,0,0,0.0
protected_eval_top10,15,15,5,5,0.0,11,11,0.0,15,15,0.0,0,0,0.0,4.533333333333333,4.533333333333333,0.0,0.03464067523988585,0.034641296975314616,6.217354287657573e-07,-3.784984588623047,-3.784977690378825,6.89824422206442e-06,1.3641739018758137,1.364170068105062,-3.833770751748844e-06,0,0,0.0,0,0,0.0
tail_eval_rank_gt50,3,3,0,0,0.0,0,0,0.0,0,0,0.0,3,3,0.0,81.33333333333333,81.33333333333333,0.0,0.00026624924309241277,0.00026625164415842545,2.4010660126805305e-09,-7.496935526529948,-7.496923446655273,1.2079874674775226e-05,6.281339327494304,6.281329154968262,-1.0172526041962726e-05,0,0,0.0,0,0,0.0
