group,rows_before,rows_after,top3_before,top3_after,top3_delta,top5_before,top5_after,top5_delta,top10_before,top10_after,top10_delta,rank_gt50_before,rank_gt50_after,rank_gt50_delta,mean_rank_before,mean_rank_after,mean_rank_delta,mean_target_prob_before,mean_target_prob_after,mean_target_prob_delta,mean_worst_gap_before,mean_worst_gap_after,mean_worst_gap_delta,mean_pair_hinge_margin_025_before,mean_pair_hinge_margin_025_after,mean_pair_hinge_margin_025_delta,teacher_beats_worst_before,teacher_beats_worst_after,teacher_beats_worst_delta,teacher_beats_all_before,teacher_beats_all_after,teacher_beats_all_delta
train_main_rank_11_50,7,7,0,0,0.0,0,0,0.0,1,1,0.0,0,0,0.0,21.142857142857142,19.285714285714285,-1.8571428571428577,0.0015644194042709256,0.002055502145594801,0.0004910827413238752,-7.01457725252424,-6.975412573133196,0.0391646793910434,4.847929872785296,4.611677537645612,-0.23625233513968436,0,0,0.0,0,0,0.0
protected_eval_top10,15,15,7,7,0.0,11,11,0.0,14,15,1.0,0,0,0.0,4.733333333333333,4.266666666666667,-0.4666666666666668,0.04768692271706338,0.034870041551766914,-0.012816881165296466,-4.7287343531847,-3.9937888542811075,0.7349454989035928,1.6898643785715102,1.5041525475184128,-0.1857118310530974,1,0,-1.0,1,0,-1.0
tail_eval_rank_gt50,3,3,0,0,0.0,0,0,0.0,0,0,0.0,2,3,1.0,56.0,93.33333333333333,37.33333333333333,0.00026388922560727224,0.0001679290677808846,-9.596015782638764e-05,-8.17095390955607,-7.67396354675293,0.4969903628031407,6.247869777679444,6.806080373128256,0.5582105954488119,0,0,0.0,0,0,0.0
