group,rows_before,rows_after,top3_before,top3_after,top3_delta,top5_before,top5_after,top5_delta,top10_before,top10_after,top10_delta,rank_gt50_before,rank_gt50_after,rank_gt50_delta,mean_rank_before,mean_rank_after,mean_rank_delta,mean_target_prob_before,mean_target_prob_after,mean_target_prob_delta,mean_worst_gap_before,mean_worst_gap_after,mean_worst_gap_delta,mean_pair_hinge_margin_025_before,mean_pair_hinge_margin_025_after,mean_pair_hinge_margin_025_delta,teacher_beats_worst_before,teacher_beats_worst_after,teacher_beats_worst_delta,teacher_beats_all_before,teacher_beats_all_after,teacher_beats_all_delta
train_main_rank_11_50,7,7,0,0,0.0,0,0,0.0,1,1,0.0,0,0,0.0,21.142857142857142,19.285714285714285,-1.8571428571428577,0.0015644194042709256,0.0020554345347980935,0.0004910151305271679,-7.01457725252424,-6.975452082497733,0.03912517002650695,4.847929872785296,4.6117175102233885,-0.2362123625619077,0,0,0.0,0,0,0.0
protected_eval_top10,15,15,7,7,0.0,11,11,0.0,14,15,1.0,0,0,0.0,4.733333333333333,4.266666666666667,-0.4666666666666668,0.04768692271706338,0.034870038928541666,-0.012816883788521714,-4.7287343531847,-3.993795108795166,0.7349392443895342,1.6898643785715102,1.5041548856099447,-0.18570949296156547,1,0,-1.0,1,0,-1.0
tail_eval_rank_gt50,3,3,0,0,0.0,0,0,0.0,0,0,0.0,2,3,1.0,56.0,93.33333333333333,37.33333333333333,0.00026388922560727224,0.00016792879129449526,-9.596043431277698e-05,-8.17095390955607,-7.673969904581706,0.49698400497436435,6.247869777679444,6.80608336130778,0.5582135836283362,0,0,0.0,0,0,0.0
