case_id,hard_guard_role,target_action,target_rc,beats_mask,weight,target_prob_before,target_logit_before,target_logit_grad,optimizer_would_change_target_logit_opposite_grad,suppress_actions,suppress_rcs,suppress_logits_before,suppress_logit_grads,optimizer_would_change_suppress_logits_opposite_grad,worst_suppress_action,worst_suppress_rc,worst_gap_before,ce_per_row,kl_per_row_masked_softmax,kl_per_row_from_log,worst_hinge_per_row,target_gradient_direction_expected_for_ce,target_grad_sign_ok_for_increase
legacy_g1_m40,hard_protected_beats_guard,102,"6,12",1.0,1.4980545043945312,0.15029124915599823,-13.34701919555664,-4.282991409301758,2.1414957046508787e-07,"[125, 114, 146, 19, 36]","[""8,5"", ""7,9"", ""9,11"", ""1,4"", ""2,6""]","[-12.354802131652832, -12.76643180847168, -14.842696189880371, -15.516098022460938, -15.689325332641602]","[4.135005474090576, 0.08945053815841675, 0.011216893792152405, 0.0057202912867069244, 0.004810459911823273]","[-2.067502737045288e-07, -4.472526907920837e-09, -5.608446896076203e-10, -2.860145643353462e-10, -2.405229955911636e-10]",125,"8,5",-0.9922170639038086,1.8951802253723145,-2.4161739275996297e-08,0.0,0.9922170639038086,negative_grad_means_optimizer_increases_target_logit,True
legacy_g1_m8,hard_rank_le50_preservation_guard,83,"5,8",0.0,3.0,0.00018429456395097077,-18.394062042236328,-0.6668320894241333,3.3341604471206666e-08,"[96, 114, 128, 116, 70]","[""6,6"", ""7,9"", ""8,8"", ""7,11"", ""4,10""]","[-10.505617141723633, -12.195096969604492, -12.48735237121582, -12.700058937072754, -12.800763130187988]","[0.3277301788330078, 0.06050410866737366, 0.04517102241516113, 0.03651595115661621, 0.03301772475242615]","[-1.638650894165039e-08, -3.0252054333686826e-09, -2.2585511207580567e-09, -1.8257975578308104e-09, -1.6508862376213074e-09]",96,"6,6",-7.888444900512695,8.59897518157959,0.0,0.0,7.888444900512695,negative_grad_means_optimizer_increases_target_logit,True
