case_id,hard_guard_role,rank_before,rank_after,rank_delta,rank_gt50_before,rank_gt50_after,target_prob_before,target_prob_after,target_prob_delta,target_logit_before,target_logit_after,target_logit_delta,worst_gap_before,worst_gap_after,worst_gap_delta
legacy_g1_m40,hard_protected_beats_guard,3,3,0,0,0,0.15029124915599823,0.15029668807983398,5.4389238357543945e-06,-13.34701919555664,-13.347003936767578,1.52587890625e-05,-0.9922170639038086,-0.9921741485595703,4.291534423828125e-05
legacy_g1_m8,hard_rank_le50_preservation_guard,102,102,0,1,1,0.00018429456395097077,0.0001843008940340951,6.3300831243395805e-09,-18.394062042236328,-18.39405059814453,1.1444091796875e-05,-7.888444900512695,-7.888409614562988,3.528594970703125e-05
