group,rows_before,rows_after,top3_before,top3_after,top3_delta,top5_before,top5_after,top5_delta,top10_before,top10_after,top10_delta,rank_gt50_before,rank_gt50_after,rank_gt50_delta,mean_rank_before,mean_rank_after,mean_rank_delta,mean_target_prob_before,mean_target_prob_after,mean_target_prob_delta,mean_worst_gap_before,mean_worst_gap_after,mean_worst_gap_delta,mean_pair_hinge_margin_025_before,mean_pair_hinge_margin_025_after,mean_pair_hinge_margin_025_delta,teacher_beats_worst_before,teacher_beats_worst_after,teacher_beats_worst_delta,teacher_beats_all_before,teacher_beats_all_after,teacher_beats_all_delta
train_main_rank_11_50,12,12,0,0,0.0,0,0,0.0,1,2,1.0,3,2,-1.0,28.333333333333332,27.0,-1.3333333333333321,0.001808368375198673,0.003069216000767483,0.00126084762556881,-6.4612520933151245,-6.502869009971619,-0.04161691665649414,4.842421460151673,4.609673635164897,-0.23274782498677649,0,0,0.0,0,0,0.0
protected_eval_top10,15,15,8,9,1.0,11,11,0.0,15,15,0.0,0,0,0.0,4.466666666666667,4.333333333333333,-0.13333333333333375,0.05222758087135541,0.043611122112876426,-0.008616458758478981,-4.671233757833639,-3.8883432388305663,0.782890519003073,1.6120787573854127,1.4557007217407225,-0.15637803564469022,1,0,-1.0,1,0,-1.0
tail_eval_rank_gt50,15,15,0,0,0.0,0,0,0.0,0,0,0.0,12,15,3.0,114.13333333333334,129.73333333333332,15.59999999999998,9.508859014696706e-05,8.723148891363053e-05,-7.857101233336522e-06,-11.16438201268514,-10.5815229733785,0.5828590393066406,8.437126083374023,8.598590437571207,0.16146435419718408,0,0,0.0,0,0,0.0
