group,rows_before,rows_after,top3_before,top3_after,top3_delta,top5_before,top5_after,top5_delta,top10_before,top10_after,top10_delta,rank_gt50_before,rank_gt50_after,rank_gt50_delta,mean_rank_before,mean_rank_after,mean_rank_delta,mean_target_prob_before,mean_target_prob_after,mean_target_prob_delta,mean_worst_gap_before,mean_worst_gap_after,mean_worst_gap_delta,mean_pair_hinge_margin_025_before,mean_pair_hinge_margin_025_after,mean_pair_hinge_margin_025_delta,teacher_beats_worst_before,teacher_beats_worst_after,teacher_beats_worst_delta,teacher_beats_all_before,teacher_beats_all_after,teacher_beats_all_delta
train_main_rank_11_50,10,10,0,0,0.0,0,0,0.0,3,3,0.0,2,3,1.0,32.1,34.4,2.299999999999997,0.0040925813673311495,0.0044660104947070066,0.00037342912737585703,-6.219284152984619,-6.334636497497558,-0.11535234451293963,4.383061428070068,4.5410134315490716,0.15795200347900362,0,0,0.0,0,0,0.0
protected_eval_top10,15,15,6,6,0.0,8,7,-1.0,11,13,2.0,0,0,0.0,7.2,6.533333333333333,-0.666666666666667,0.04138406314013991,0.02987668025355864,-0.011507382886581274,-5.561363665262858,-4.6711567640304565,0.8902069012324016,2.0220069694519043,1.9234674914677938,-0.09853947798411045,1,0,-1.0,1,0,-1.0
tail_eval_rank_gt50,3,3,0,0,0.0,0,0,0.0,1,0,-1.0,0,2,2.0,29.333333333333332,51.666666666666664,22.333333333333332,0.00651859389229988,0.0007576334392069839,-0.005760960453092896,-5.247235298156738,-6.288380940755208,-1.0411456425984698,4.1145175933837885,5.380545298258464,1.2660277048746753,0,0,0.0,0,0,0.0
