phase,epoch,loss,ce_loss,public_kl,protected_kl,tail_kl
initial,0,5.3436360359191895,5.3327789306640625,0.005262529011815786,0.01588781364262104,0.012125452049076557
train,1.0,5.342256546020508,5.336319446563721,0.007217084988951683,0.0064943754114210606,0.006345174740999937
